Variation,Completion_Rate
Control,0.4984932740998478
Test,0.5851734166307626
